"Date","Price","Open","High","Low","Vol.","Change %"
"Sep 28, 2018","2,821.35","2,794.26","2,821.76","2,791.84","13.43B","1.06%"
"Sep 27, 2018","2,791.77","2,805.79","2,810.51","2,786.32","12.40B","-0.54%"
"Sep 26, 2018","2,806.81","2,785.32","2,827.34","2,783.34","13.96B","0.92%"
"Sep 25, 2018","2,781.14","2,775.07","2,790.03","2,771.16","11.20B","-0.58%"
"Sep 21, 2018","2,797.48","2,733.87","2,797.49","2,722.03","15.80B","2.50%"
"Sep 20, 2018","2,729.24","2,732.17","2,743.96","2,724.08","11.14B","-0.06%"
"Sep 19, 2018","2,730.85","2,694.80","2,746.08","2,690.99","14.15B","1.14%"
"Sep 18, 2018","2,699.95","2,644.30","2,700.19","2,644.30","11.58B","1.82%"
"Sep 17, 2018","2,651.79","2,671.29","2,671.29","2,647.92","8.82B","-1.11%"
"Sep 14, 2018","2,681.64","2,688.78","2,694.92","2,675.29","10.00B","-0.18%"
"Sep 13, 2018","2,686.58","2,679.21","2,689.06","2,653.19","10.73B","1.15%"
"Sep 12, 2018","2,656.11","2,659.74","2,672.07","2,647.17","9.00B","-0.33%"
"Sep 11, 2018","2,664.80","2,668.49","2,680.57","2,652.70","9.99B","-0.18%"
"Sep 10, 2018","2,669.48","2,698.01","2,703.43","2,667.32","10.36B","-1.21%"
"Sep 07, 2018","2,702.30","2,696.68","2,728.55","2,683.72","10.75B","0.40%"
"Sep 06, 2018","2,691.59","2,697.58","2,719.41","2,683.74","9.90B","-0.47%"
"Sep 05, 2018","2,704.34","2,741.38","2,745.47","2,704.34","10.50B","-1.68%"
"Sep 04, 2018","2,750.58","2,720.65","2,756.61","2,712.38","10.90B","1.10%"
"Sep 03, 2018","2,720.73","2,716.40","2,722.85","2,692.36","10.22B","-0.17%"
"Aug 31, 2018","2,725.25","2,730.11","2,744.63","2,710.54","10.98B","-0.46%"
"Aug 30, 2018","2,737.74","2,769.33","2,780.53","2,736.35","10.61B","-1.14%"
"Aug 29, 2018","2,769.29","2,774.86","2,778.54","2,762.35","10.02B","-0.31%"
"Aug 28, 2018","2,777.98","2,782.29","2,791.39","2,769.40","11.87B","-0.10%"
"Aug 27, 2018","2,780.90","2,736.32","2,780.90","2,736.32","13.28B","1.89%"
"Aug 24, 2018","2,729.43","2,717.08","2,748.82","2,705.32","10.05B","0.18%"
"Aug 23, 2018","2,724.62","2,714.87","2,736.01","2,700.80","9.84B","0.37%"
"Aug 22, 2018","2,714.61","2,731.96","2,731.96","2,709.06","9.37B","-0.70%"
"Aug 21, 2018","2,733.83","2,700.34","2,739.17","2,696.29","11.36B","1.31%"
"Aug 20, 2018","2,698.47","2,673.07","2,698.47","2,653.11","11.08B","1.11%"
"Aug 17, 2018","2,668.97","2,723.89","2,730.33","2,665.59","11.24B","-1.34%"
"Aug 16, 2018","2,705.19","2,691.43","2,732.95","2,672.74","12.03B","-0.66%"
"Aug 15, 2018","2,723.26","2,777.25","2,777.70","2,721.24","11.62B","-2.07%"
"Aug 14, 2018","2,780.96","2,780.74","2,789.44","2,766.57","10.96B","-0.18%"
"Aug 13, 2018","2,785.87","2,769.02","2,789.80","2,742.56","12.75B","-0.34%"
"Aug 10, 2018","2,795.31","2,791.40","2,806.11","2,777.51","12.15B","0.03%"
"Aug 09, 2018","2,794.38","2,729.58","2,801.66","2,726.22","15.17B","1.83%"
"Aug 08, 2018","2,744.07","2,771.13","2,779.91","2,741.07","14.77B","-1.27%"
"Aug 07, 2018","2,779.37","2,711.74","2,779.37","2,696.04","14.96B","2.74%"
"Aug 06, 2018","2,705.16","2,736.53","2,760.47","2,692.32","12.98B","-1.29%"
"Aug 03, 2018","2,740.44","2,763.40","2,777.66","2,740.43","12.70B","-1.00%"
"Aug 02, 2018","2,768.02","2,815.34","2,815.34","2,726.48","17.42B","-2.00%"
"Aug 01, 2018","2,824.53","2,882.51","2,897.40","2,823.93","14.95B","-1.80%"
"Jul 31, 2018","2,876.40","2,866.90","2,884.68","2,854.32","11.89B","0.26%"
"Jul 30, 2018","2,869.05","2,871.94","2,896.01","2,850.30","15.17B","-0.16%"
"Jul 27, 2018","2,873.59","2,879.69","2,889.69","2,864.11","14.64B","-0.30%"
"Jul 26, 2018","2,882.23","2,905.79","2,915.30","2,875.70","16.84B","-0.74%"
"Jul 25, 2018","2,903.65","2,911.45","2,912.31","2,894.04","16.78B","-0.07%"
"Jul 24, 2018","2,905.56","2,862.27","2,911.46","2,862.27","22.96B","1.61%"
"Jul 23, 2018","2,859.54","2,815.20","2,863.57","2,809.62","17.34B","1.07%"
"Jul 20, 2018","2,829.27","2,769.75","2,837.86","2,753.84","14.59B","2.05%"
"Jul 19, 2018","2,772.55","2,791.02","2,805.01","2,764.49","11.45B","-0.53%"
"Jul 18, 2018","2,787.26","2,801.78","2,818.40","2,786.04","12.10B","-0.39%"
"Jul 17, 2018","2,798.13","2,806.89","2,806.92","2,774.76","10.54B","-0.57%"
"Jul 16, 2018","2,814.04","2,827.08","2,837.51","2,804.49","10.78B","-0.61%"
"Jul 13, 2018","2,831.18","2,831.43","2,835.46","2,818.85","11.77B","-0.23%"
"Jul 12, 2018","2,837.66","2,771.04","2,844.19","2,771.04","14.70B","2.16%"
"Jul 11, 2018","2,777.77","2,780.70","2,794.36","2,752.43","12.68B","-1.76%"
"Jul 10, 2018","2,827.63","2,819.71","2,828.49","2,800.63","11.71B","0.44%"
"Jul 09, 2018","2,815.11","2,752.45","2,815.79","2,752.45","12.15B","2.47%"
"Jul 06, 2018","2,747.23","2,731.35","2,768.87","2,691.02","13.63B","0.49%"
"Jul 05, 2018","2,733.88","2,755.34","2,777.52","2,727.94","12.92B","-0.92%"
"Jul 04, 2018","2,759.13","2,776.63","2,793.18","2,754.16","12.33B","-1.00%"
"Jul 03, 2018","2,786.89","2,774.57","2,786.89","2,722.45","14.25B","0.41%"
"Jul 02, 2018","2,775.56","2,841.58","2,845.68","2,756.82","13.70B","-2.52%"
"Jun 29, 2018","2,847.42","2,789.81","2,848.37","2,782.38","12.57B","2.17%"
"Jun 28, 2018","2,786.90","2,799.90","2,825.99","2,782.45","11.84B","-0.93%"
"Jun 27, 2018","2,813.18","2,842.40","2,854.26","2,798.80","12.94B","-1.10%"
"Jun 26, 2018","2,844.51","2,829.99","2,850.24","2,803.79","12.59B","-0.52%"
"Jun 25, 2018","2,859.34","2,903.45","2,908.62","2,857.87","12.19B","-1.05%"
"Jun 22, 2018","2,889.76","2,855.58","2,891.97","2,837.14","12.61B","0.49%"
"Jun 21, 2018","2,875.81","2,912.00","2,940.59","2,872.62","15.44B","-1.37%"
"Jun 20, 2018","2,915.73","2,889.98","2,925.56","2,872.16","14.43B","0.27%"
"Jun 19, 2018","2,907.82","2,982.65","2,984.97","2,871.35","23.05B","-3.78%"
"Jun 15, 2018","3,021.90","3,037.45","3,048.80","3,008.73","14.45B","-0.73%"
"Jun 14, 2018","3,044.16","3,038.07","3,066.05","3,032.41","11.55B","-0.18%"
"Jun 13, 2018","3,049.80","3,071.46","3,071.46","3,044.12","11.96B","-0.97%"
"Jun 12, 2018","3,079.80","3,053.03","3,081.45","3,034.10","11.33B","0.89%"
"Jun 11, 2018","3,052.78","3,057.34","3,063.61","3,037.91","10.86B","-0.47%"
"Jun 08, 2018","3,067.15","3,100.60","3,100.68","3,053.29","13.47B","-1.36%"
"Jun 07, 2018","3,109.50","3,121.18","3,128.72","3,105.58","12.78B","-0.18%"
"Jun 06, 2018","3,115.18","3,109.17","3,117.53","3,103.53","12.02B","0.03%"
"Jun 05, 2018","3,114.21","3,088.01","3,114.77","3,080.05","11.87B","0.74%"
"Jun 04, 2018","3,091.19","3,083.43","3,098.40","3,076.99","11.46B","0.52%"
"Jun 01, 2018","3,075.14","3,084.75","3,102.09","3,059.79","12.99B","-0.66%"
"May 31, 2018","3,095.47","3,061.83","3,098.08","3,054.27","14.05B","1.78%"
"May 30, 2018","3,041.44","3,081.14","3,085.40","3,041.00","15.51B","-2.53%"
"May 29, 2018","3,120.46","3,129.62","3,143.21","3,112.15","13.57B","-0.47%"
"May 28, 2018","3,135.08","3,136.81","3,149.66","3,115.96","12.88B","-0.20%"
"May 25, 2018","3,141.30","3,148.41","3,156.73","3,131.07","12.86B","-0.42%"
"May 24, 2018","3,154.65","3,167.94","3,173.53","3,152.07","12.41B","-0.45%"
"May 23, 2018","3,168.96","3,205.44","3,205.44","3,168.96","15.78B","-1.41%"
"May 22, 2018","3,214.35","3,211.25","3,214.59","3,192.23","14.43B","0.02%"
"May 21, 2018","3,213.84","3,206.18","3,219.74","3,203.34","16.45B","0.64%"
"May 18, 2018","3,193.30","3,151.08","3,193.45","3,144.78","13.65B","1.24%"
"May 17, 2018","3,154.28","3,170.01","3,172.77","3,148.62","11.40B","-0.48%"
"May 16, 2018","3,169.57","3,180.23","3,191.95","3,166.81","13.05B","-0.71%"
"May 15, 2018","3,192.12","3,180.42","3,192.81","3,164.52","12.45B","0.57%"
"May 14, 2018","3,174.03","3,167.04","3,183.82","3,163.48","12.93B","0.34%"
"May 11, 2018","3,163.26","3,179.80","3,180.76","3,162.21","13.07B","-0.35%"
"May 10, 2018","3,174.41","3,169.05","3,176.14","3,155.53","13.30B","0.48%"
"May 09, 2018","3,159.15","3,160.14","3,165.37","3,145.66","12.26B","-0.07%"
"May 08, 2018","3,161.50","3,135.30","3,169.70","3,134.06","14.69B","0.79%"
"May 07, 2018","3,136.64","3,094.90","3,136.84","3,091.66","13.89B","1.48%"
"May 04, 2018","3,091.03","3,093.12","3,104.09","3,086.78","11.87B","-0.32%"
"May 03, 2018","3,100.86","3,074.52","3,105.66","3,056.16","14.00B","0.64%"
"May 02, 2018","3,081.18","3,087.41","3,097.60","3,064.76","13.42B","-0.03%"
"Apr 27, 2018","3,082.23","3,082.41","3,088.03","3,049.91","13.12B","0.23%"
"Apr 26, 2018","3,075.03","3,119.50","3,121.93","3,067.93","13.40B","-1.38%"
"Apr 25, 2018","3,117.97","3,112.40","3,122.91","3,107.00","12.73B","-0.35%"
"Apr 24, 2018","3,128.93","3,069.75","3,136.04","3,069.75","16.23B","1.99%"
"Apr 23, 2018","3,068.01","3,063.44","3,085.06","3,045.94","13.17B","-0.11%"
"Apr 20, 2018","3,071.54","3,105.46","3,111.17","3,065.92","15.51B","-1.47%"
"Apr 19, 2018","3,117.38","3,094.27","3,127.44","3,090.29","16.01B","0.84%"
"Apr 18, 2018","3,091.40","3,091.91","3,096.89","3,041.62","15.93B","0.80%"
"Apr 17, 2018","3,066.80","3,112.97","3,118.76","3,064.03","14.72B","-1.41%"
"Apr 16, 2018","3,110.65","3,152.89","3,153.11","3,096.10","15.44B","-1.53%"
"Apr 13, 2018","3,159.05","3,192.04","3,197.90","3,155.51","12.76B","-0.66%"
"Apr 12, 2018","3,180.16","3,203.28","3,205.25","3,177.05","14.82B","-0.87%"
"Apr 11, 2018","3,208.08","3,197.37","3,220.85","3,191.59","17.59B","0.56%"
"Apr 10, 2018","3,190.32","3,144.26","3,190.65","3,139.08","16.82B","1.66%"
"Apr 09, 2018","3,138.29","3,125.44","3,146.09","3,110.30","13.96B","0.23%"
"Apr 04, 2018","3,131.11","3,147.05","3,163.34","3,128.87","14.70B","-0.18%"
"Apr 03, 2018","3,136.63","3,130.01","3,144.33","3,119.13","15.22B","-0.84%"
"Apr 02, 2018","3,163.18","3,169.78","3,192.34","3,159.99","17.77B","-0.18%"
"Mar 30, 2018","3,168.90","3,161.79","3,177.72","3,152.89","15.46B","0.26%"
"Mar 29, 2018","3,160.53","3,127.26","3,174.51","3,098.25","17.03B","1.22%"
"Mar 28, 2018","3,122.29","3,130.57","3,165.21","3,117.53","16.35B","-1.40%"
"Mar 27, 2018","3,166.65","3,164.80","3,172.78","3,143.57","18.91B","1.05%"
"Mar 26, 2018","3,133.72","3,117.32","3,134.28","3,091.46","18.64B","-0.60%"
"Mar 23, 2018","3,152.76","3,172.77","3,188.24","3,110.66","27.55B","-3.39%"
"Mar 22, 2018","3,263.48","3,281.26","3,288.80","3,242.76","15.04B","-0.53%"
"Mar 21, 2018","3,280.95","3,299.73","3,314.21","3,268.88","16.84B","-0.29%"
"Mar 20, 2018","3,290.64","3,257.22","3,292.57","3,252.43","13.99B","0.35%"
"Mar 19, 2018","3,279.25","3,264.93","3,280.57","3,251.05","13.80B","0.29%"
"Mar 16, 2018","3,269.88","3,290.21","3,300.57","3,269.28","14.12B","-0.65%"
"Mar 15, 2018","3,291.11","3,277.51","3,297.10","3,273.20","14.86B","-0.01%"
"Mar 14, 2018","3,291.38","3,298.67","3,304.98","3,287.36","15.75B","-0.57%"
"Mar 13, 2018","3,310.24","3,324.12","3,333.88","3,307.38","17.71B","-0.49%"
"Mar 12, 2018","3,326.70","3,319.21","3,333.56","3,313.56","20.65B","0.59%"
"Mar 09, 2018","3,307.17","3,291.43","3,309.72","3,283.56","16.84B","0.57%"
"Mar 08, 2018","3,288.41","3,268.35","3,289.50","3,261.55","14.98B","0.51%"
"Mar 07, 2018","3,271.67","3,288.86","3,308.41","3,264.76","16.87B","-0.55%"
"Mar 06, 2018","3,289.64","3,266.49","3,290.25","3,243.65","19.54B","1.00%"
"Mar 05, 2018","3,256.93","3,255.87","3,269.40","3,236.72","14.48B","0.07%"
"Mar 02, 2018","3,254.53","3,248.45","3,269.94","3,242.27","15.09B","-0.59%"
"Mar 01, 2018","3,273.75","3,235.09","3,280.15","3,228.58","15.91B","0.44%"
"Feb 28, 2018","3,259.41","3,264.06","3,277.83","3,239.84","15.10B","-0.99%"
"Feb 27, 2018","3,292.07","3,328.67","3,328.67","3,284.63","17.42B","-1.13%"
"Feb 26, 2018","3,329.57","3,307.30","3,335.99","3,281.61","18.86B","1.23%"
"Feb 23, 2018","3,289.02","3,275.43","3,294.13","3,258.49","14.58B","0.63%"
"Feb 22, 2018","3,268.56","3,237.57","3,269.92","3,234.12","13.87B","2.17%"
"Feb 14, 2018","3,199.16","3,188.25","3,203.50","3,171.38","10.03B","0.45%"
"Feb 13, 2018","3,184.96","3,176.11","3,219.22","3,176.11","15.15B","0.98%"
"Feb 12, 2018","3,154.13","3,128.37","3,168.13","3,113.61","15.33B","0.78%"
"Feb 09, 2018","3,129.85","3,172.85","3,180.11","3,062.74","25.64B","-4.05%"
"Feb 08, 2018","3,262.05","3,281.05","3,307.16","3,225.71","20.13B","-1.43%"
"Feb 07, 2018","3,309.26","3,412.74","3,425.54","3,304.01","26.09B","-1.82%"
"Feb 06, 2018","3,370.65","3,418.01","3,440.12","3,364.22","28.06B","-3.35%"
"Feb 05, 2018","3,487.50","3,411.67","3,487.72","3,406.24","21.77B","0.73%"
"Feb 02, 2018","3,462.08","3,419.22","3,463.16","3,388.86","20.81B","0.44%"
"Feb 01, 2018","3,446.98","3,478.67","3,495.09","3,424.42","26.05B","-0.97%"
"Jan 31, 2018","3,480.83","3,470.51","3,495.45","3,454.73","20.73B","-0.21%"
"Jan 30, 2018","3,488.01","3,511.50","3,523.05","3,484.66","18.64B","-0.99%"
"Jan 29, 2018","3,523.00","3,563.64","3,587.03","3,510.27","23.60B","-0.99%"
"Jan 26, 2018","3,558.13","3,535.49","3,574.90","3,534.20","22.27B","0.28%"
"Jan 25, 2018","3,548.31","3,555.17","3,571.48","3,528.03","24.34B","-0.31%"
"Jan 24, 2018","3,559.47","3,553.48","3,569.49","3,527.11","25.30B","0.37%"
"Jan 23, 2018","3,546.50","3,504.34","3,547.22","3,504.34","23.87B","1.29%"
"Jan 22, 2018","3,501.36","3,476.99","3,503.39","3,475.67","21.75B","0.39%"
"Jan 19, 2018","3,487.86","3,481.62","3,498.43","3,474.29","24.75B","0.38%"
"Jan 18, 2018","3,474.75","3,449.88","3,476.55","3,448.79","22.00B","0.87%"
"Jan 17, 2018","3,444.67","3,438.58","3,465.20","3,430.51","26.10B","0.24%"
"Jan 16, 2018","3,436.59","3,403.47","3,437.58","3,401.96","21.15B","0.77%"
"Jan 15, 2018","3,410.49","3,428.95","3,442.50","3,402.31","23.20B","-0.54%"
"Jan 12, 2018","3,428.94","3,423.88","3,435.42","3,417.98","17.41B","0.11%"
"Jan 11, 2018","3,425.34","3,415.59","3,426.48","3,405.64","17.38B","0.10%"
"Jan 10, 2018","3,421.83","3,414.11","3,430.21","3,398.84","20.91B","0.23%"
"Jan 09, 2018","3,413.90","3,406.11","3,417.23","3,403.59","19.15B","0.13%"
"Jan 08, 2018","3,409.48","3,391.55","3,412.73","3,384.56","23.62B","0.52%"
"Jan 05, 2018","3,391.75","3,386.46","3,402.07","3,380.24","21.31B","0.18%"
"Jan 04, 2018","3,385.71","3,371.00","3,392.83","3,365.30","20.70B","0.49%"
"Jan 03, 2018","3,369.11","3,347.74","3,379.92","3,345.29","21.38B","0.62%"
"Jan 02, 2018","3,348.33","3,314.03","3,349.05","3,314.03","20.23B","1.24%"
"Dec 29, 2017","3,307.17","3,295.25","3,308.22","3,292.77","14.16B","0.33%"
"Dec 28, 2017","3,296.38","3,272.29","3,304.10","3,263.73","17.54B","0.63%"
"Dec 27, 2017","3,275.78","3,302.46","3,307.08","3,270.35","16.27B","-0.92%"
"Dec 26, 2017","3,306.12","3,277.84","3,307.30","3,274.33","14.24B","0.78%"
"Dec 25, 2017","3,280.46","3,296.21","3,312.30","3,270.44","14.69B","-0.50%"
"Dec 22, 2017","3,297.06","3,297.69","3,307.33","3,293.44","12.40B","-0.09%"
"Dec 21, 2017","3,300.06","3,281.12","3,309.22","3,267.40","14.21B","0.38%"
"Dec 20, 2017","3,287.61","3,296.74","3,300.21","3,276.12","13.77B","-0.27%"
"Dec 19, 2017","3,296.54","3,266.02","3,296.94","3,266.02","11.51B","0.88%"
"Dec 18, 2017","3,267.92","3,268.03","3,280.54","3,254.18","12.07B","0.05%"
"Dec 15, 2017","3,266.14","3,287.53","3,287.53","3,259.39","13.09B","-0.80%"
"Dec 14, 2017","3,292.44","3,302.93","3,309.53","3,282.57","12.05B","-0.32%"
"Dec 13, 2017","3,303.04","3,278.40","3,304.01","3,273.32","11.20B","0.68%"
"Dec 12, 2017","3,280.81","3,320.31","3,320.31","3,280.33","12.46B","-1.25%"
"Dec 11, 2017","3,322.20","3,290.49","3,322.67","3,288.29","13.20B","0.98%"
"Dec 08, 2017","3,289.99","3,264.48","3,297.13","3,258.76","13.32B","0.55%"
"Dec 07, 2017","3,272.05","3,283.28","3,291.28","3,259.16","13.21B","-0.67%"
"Dec 06, 2017","3,293.96","3,291.31","3,296.20","3,254.61","15.16B","-0.29%"
"Dec 05, 2017","3,303.68","3,301.69","3,315.74","3,300.51","20.83B","-0.18%"
"Dec 04, 2017","3,309.62","3,310.38","3,324.00","3,304.10","14.81B","-0.24%"
"Dec 01, 2017","3,317.62","3,315.11","3,324.52","3,302.44","13.92B","0.01%"
"Nov 30, 2017","3,317.19","3,328.64","3,340.92","3,306.28","15.66B","-0.62%"
"Nov 29, 2017","3,337.86","3,335.57","3,343.06","3,305.57","18.38B","0.13%"
"Nov 28, 2017","3,333.66","3,311.23","3,333.80","3,300.78","13.82B","0.34%"
"Nov 27, 2017","3,322.23","3,346.66","3,347.05","3,315.26","16.64B","-0.94%"
"Nov 24, 2017","3,353.82","3,340.38","3,360.75","3,328.33","15.96B","0.06%"
"Nov 23, 2017","3,351.92","3,425.01","3,429.42","3,342.33","21.53B","-2.29%"
"Nov 22, 2017","3,430.46","3,417.33","3,442.18","3,404.29","21.36B","0.59%"
"Nov 21, 2017","3,410.50","3,382.36","3,419.80","3,377.60","19.69B","0.53%"
"Nov 20, 2017","3,392.40","3,361.36","3,393.11","3,337.12","17.65B","0.28%"
"Nov 17, 2017","3,382.91","3,392.68","3,403.29","3,373.30","24.95B","-0.48%"
"Nov 16, 2017","3,399.25","3,393.19","3,409.65","3,390.59","15.67B","-0.10%"
"Nov 15, 2017","3,402.52","3,416.21","3,423.75","3,396.38","16.88B","-0.79%"
"Nov 14, 2017","3,429.55","3,446.55","3,450.49","3,419.69","19.65B","-0.53%"
"Nov 13, 2017","3,447.84","3,435.18","3,449.16","3,435.08","20.54B","0.44%"
"Nov 10, 2017","3,432.67","3,423.18","3,438.79","3,414.33","18.93B","0.14%"
"Nov 09, 2017","3,427.79","3,410.67","3,428.77","3,408.62","15.86B","0.36%"
"Nov 08, 2017","3,415.46","3,409.15","3,434.49","3,404.88","18.54B","0.06%"
"Nov 07, 2017","3,413.57","3,389.47","3,415.15","3,387.95","19.06B","0.75%"
"Nov 06, 2017","3,388.17","3,369.68","3,389.38","3,356.53","15.46B","0.49%"
"Nov 03, 2017","3,371.74","3,377.74","3,380.57","3,347.36","17.27B","-0.34%"
"Nov 02, 2017","3,383.31","3,391.65","3,391.65","3,372.21","16.69B","-0.37%"
"Nov 01, 2017","3,395.91","3,393.97","3,410.35","3,388.60","18.06B","0.08%"
"Oct 31, 2017","3,393.34","3,381.00","3,397.10","3,376.12","15.35B","0.09%"
"Oct 30, 2017","3,390.34","3,413.87","3,419.73","3,357.28","20.83B","-0.77%"
"Oct 27, 2017","3,416.81","3,404.50","3,421.10","3,402.11","17.03B","0.27%"
"Oct 26, 2017","3,407.57","3,397.52","3,414.24","3,391.45","18.38B","0.31%"
"Oct 25, 2017","3,396.90","3,384.86","3,398.30","3,382.03","12.31B","0.26%"
"Oct 24, 2017","3,388.25","3,376.60","3,388.69","3,374.12","13.99B","0.22%"
"Oct 23, 2017","3,380.70","3,382.28","3,385.29","3,374.70","13.08B","0.06%"
"Oct 20, 2017","3,378.65","3,363.51","3,379.77","3,360.10","12.72B","0.25%"
"Oct 19, 2017","3,370.17","3,374.64","3,378.74","3,359.63","15.85B","-0.34%"
"Oct 18, 2017","3,381.79","3,373.53","3,383.23","3,371.92","15.72B","0.29%"
"Oct 17, 2017","3,372.04","3,373.23","3,382.41","3,365.56","12.54B","-0.19%"
"Oct 16, 2017","3,378.47","3,393.21","3,400.51","3,374.77","17.43B","-0.36%"
"Oct 13, 2017","3,390.52","3,384.49","3,395.75","3,383.24","14.00B","0.13%"
"Oct 12, 2017","3,386.10","3,385.53","3,390.20","3,372.53","16.18B","-0.06%"
"Oct 11, 2017","3,388.28","3,381.49","3,395.78","3,379.16","18.15B","0.16%"
"Oct 10, 2017","3,382.99","3,373.34","3,384.03","3,358.80","17.94B","0.26%"
"Oct 09, 2017","3,374.38","3,403.25","3,410.17","3,366.97","19.17B","0.76%"
"Sep 29, 2017","3,348.94","3,340.31","3,357.02","3,340.31","14.49B","0.28%"
"Sep 28, 2017","3,339.64","3,343.84","3,344.60","3,336.18","14.94B","-0.17%"
"Sep 27, 2017","3,345.27","3,340.82","3,349.69","3,340.30","14.31B","0.05%"
"Sep 26, 2017","3,343.58","3,336.35","3,347.16","3,332.60","13.26B","0.06%"
"Sep 25, 2017","3,341.55","3,344.59","3,350.96","3,334.94","16.96B","-0.33%"
"Sep 22, 2017","3,352.53","3,347.16","3,356.45","3,334.98","17.92B","-0.16%"
"Sep 21, 2017","3,357.81","3,364.70","3,377.88","3,356.88","19.74B","-0.24%"
"Sep 20, 2017","3,366.00","3,352.18","3,370.10","3,346.54","19.22B","0.27%"
"Sep 19, 2017","3,356.84","3,365.53","3,370.40","3,344.71","19.11B","-0.18%"
"Sep 18, 2017","3,362.86","3,352.51","3,371.75","3,352.51","19.03B","0.28%"
"Sep 15, 2017","3,353.62","3,365.15","3,365.53","3,345.33","21.98B","-0.53%"
"Sep 14, 2017","3,371.43","3,383.47","3,391.64","3,361.33","22.13B","-0.38%"
"Sep 13, 2017","3,384.15","3,374.72","3,387.14","3,366.54","19.46B","0.14%"
"Sep 12, 2017","3,379.49","3,381.49","3,391.07","3,370.85","27.29B","0.09%"
"Sep 11, 2017","3,376.42","3,365.35","3,384.81","3,360.05","21.90B","0.33%"
"Sep 08, 2017","3,365.24","3,364.43","3,380.89","3,353.69","19.84B","-0.01%"
"Sep 07, 2017","3,365.50","3,383.63","3,387.80","3,363.18","22.11B","-0.59%"
"Sep 06, 2017","3,385.39","3,372.43","3,391.01","3,364.76","22.91B","0.03%"
"Sep 05, 2017","3,384.32","3,377.20","3,390.82","3,371.57","21.66B","0.14%"
"Sep 04, 2017","3,379.58","3,369.72","3,381.40","3,359.13","26.74B","0.37%"
"Sep 01, 2017","3,367.12","3,365.99","3,381.93","3,358.47","28.25B","0.19%"
"Aug 31, 2017","3,360.81","3,361.46","3,367.36","3,340.69","23.44B","-0.08%"
"Aug 30, 2017","3,363.63","3,361.82","3,376.65","3,357.08","24.69B","-0.05%"
"Aug 29, 2017","3,365.23","3,362.06","3,374.59","3,354.46","21.95B","0.08%"
"Aug 28, 2017","3,362.65","3,336.13","3,375.03","3,336.13","25.75B","0.93%"
"Aug 25, 2017","3,331.52","3,271.46","3,331.91","3,271.46","20.58B","1.83%"
"Aug 24, 2017","3,271.51","3,287.96","3,297.99","3,266.36","16.35B","-0.49%"
"Aug 23, 2017","3,287.70","3,283.80","3,299.46","3,274.44","17.98B","-0.08%"
"Aug 22, 2017","3,290.23","3,287.61","3,293.48","3,274.94","18.65B","0.10%"
"Aug 21, 2017","3,286.91","3,274.58","3,287.52","3,270.48","18.61B","0.56%"
"Aug 18, 2017","3,268.72","3,253.24","3,275.08","3,248.08","19.11B","0.01%"
"Aug 17, 2017","3,268.43","3,253.85","3,269.14","3,251.46","20.36B","0.68%"
"Aug 16, 2017","3,246.45","3,247.85","3,248.78","3,228.87","17.69B","-0.15%"
"Aug 15, 2017","3,251.26","3,235.23","3,263.59","3,235.10","18.23B","0.43%"
"Aug 14, 2017","3,237.36","3,206.04","3,240.05","3,206.04","19.03B","0.90%"
"Aug 11, 2017","3,208.54","3,237.92","3,245.12","3,200.75","26.30B","-1.63%"
"Aug 10, 2017","3,261.75","3,269.73","3,282.52","3,236.18","24.07B","-0.42%"
"Aug 09, 2017","3,275.57","3,277.81","3,277.94","3,263.85","23.56B","-0.19%"
"Aug 08, 2017","3,281.87","3,277.19","3,285.48","3,269.66","25.20B","0.07%"
"Aug 07, 2017","3,279.46","3,257.67","3,280.10","3,243.72","23.12B","0.53%"
"Aug 04, 2017","3,262.08","3,269.32","3,287.19","3,261.31","27.59B","-0.33%"
"Aug 03, 2017","3,272.93","3,279.99","3,293.37","3,262.16","23.33B","-0.37%"
"Aug 02, 2017","3,285.06","3,288.52","3,305.43","3,282.04","26.67B","-0.23%"
"Aug 01, 2017","3,292.64","3,274.37","3,292.64","3,273.50","23.72B","0.60%"
"Jul 31, 2017","3,273.03","3,252.75","3,276.95","3,251.19","24.60B","0.61%"
"Jul 28, 2017","3,253.24","3,240.17","3,256.37","3,232.96","18.22B","0.11%"
"Jul 27, 2017","3,249.78","3,243.76","3,251.93","3,220.64","22.85B","0.06%"
"Jul 26, 2017","3,247.67","3,244.46","3,264.85","3,228.04","21.35B","0.12%"
"Jul 25, 2017","3,243.69","3,249.14","3,261.65","3,233.14","20.56B","-0.21%"
"Jul 24, 2017","3,250.60","3,230.90","3,261.10","3,230.07","23.31B","0.39%"
"Jul 21, 2017","3,237.98","3,236.59","3,247.71","3,231.96","20.60B","-0.21%"
"Jul 20, 2017","3,244.86","3,227.51","3,246.24","3,225.43","23.21B","0.43%"
"Jul 19, 2017","3,230.98","3,181.40","3,232.94","3,179.73","27.24B","1.36%"
"Jul 18, 2017","3,187.57","3,159.73","3,187.67","3,150.13","19.06B","0.35%"
"Jul 17, 2017","3,176.46","3,219.79","3,230.35","3,139.50","26.62B","-1.43%"
"Jul 14, 2017","3,222.42","3,212.03","3,222.98","3,204.85","16.01B","0.13%"
"Jul 13, 2017","3,218.16","3,192.36","3,219.27","3,190.34","19.53B","0.64%"
"Jul 12, 2017","3,197.54","3,201.93","3,215.20","3,177.93","18.69B","-0.17%"
"Jul 11, 2017","3,203.04","3,201.52","3,226.91","3,199.22","18.78B","-0.30%"
"Jul 10, 2017","3,212.63","3,208.46","3,223.34","3,203.21","19.89B","-0.17%"
"Jul 07, 2017","3,217.96","3,203.82","3,219.52","3,195.29","17.67B","0.17%"
"Jul 06, 2017","3,212.44","3,203.86","3,215.95","3,188.77","17.58B","0.17%"
"Jul 05, 2017","3,207.13","3,179.22","3,207.31","3,174.71","14.83B","0.76%"
"Jul 04, 2017","3,182.80","3,192.89","3,193.06","3,174.31","14.11B","-0.41%"
"Jul 03, 2017","3,195.91","3,192.00","3,196.29","3,177.02","14.03B","0.11%"
"Jun 30, 2017","3,192.43","3,176.95","3,193.24","3,171.57","12.15B","0.14%"
"Jun 29, 2017","3,188.06","3,174.98","3,188.77","3,174.28","12.88B","0.47%"
"Jun 28, 2017","3,173.20","3,183.63","3,193.44","3,170.79","14.65B","-0.56%"
"Jun 27, 2017","3,191.20","3,183.42","3,193.46","3,172.46","14.82B","0.18%"
"Jun 26, 2017","3,185.44","3,157.00","3,187.89","3,156.98","17.36B","0.87%"
"Jun 23, 2017","3,157.87","3,138.44","3,158.05","3,118.09","15.48B","0.33%"
"Jun 22, 2017","3,147.45","3,152.24","3,186.98","3,146.64","19.13B","-0.28%"
"Jun 21, 2017","3,156.21","3,148.99","3,157.03","3,132.62","13.67B","0.52%"
"Jun 20, 2017","3,140.01","3,148.02","3,150.46","3,134.61","14.12B","-0.14%"
"Jun 19, 2017","3,144.37","3,122.16","3,146.77","3,121.78","13.49B","0.68%"
"Jun 16, 2017","3,123.17","3,126.37","3,134.25","3,117.86","12.97B","-0.30%"
"Jun 15, 2017","3,132.49","3,125.59","3,137.59","3,117.08","14.70B","0.06%"
"Jun 14, 2017","3,130.67","3,146.75","3,149.17","3,125.35","13.83B","-0.73%"
"Jun 13, 2017","3,153.74","3,134.01","3,155.99","3,131.04","12.83B","0.44%"
"Jun 12, 2017","3,139.88","3,149.53","3,164.95","3,135.31","14.67B","-0.59%"
"Jun 09, 2017","3,158.40","3,147.45","3,165.92","3,146.11","16.01B","0.26%"
"Jun 08, 2017","3,150.33","3,136.47","3,153.26","3,132.83","15.23B","0.32%"
"Jun 07, 2017","3,140.32","3,101.76","3,140.77","3,098.95","17.32B","1.23%"
"Jun 06, 2017","3,102.13","3,084.54","3,102.86","3,078.79","11.34B","0.34%"
"Jun 05, 2017","3,091.66","3,102.11","3,105.51","3,084.83","13.26B","-0.45%"
"Jun 02, 2017","3,105.54","3,094.23","3,110.39","3,081.85","14.25B","0.09%"
"Jun 01, 2017","3,102.62","3,108.42","3,113.52","3,097.68","16.30B","-0.47%"
"May 31, 2017","3,117.18","3,125.33","3,143.28","3,111.56","15.29B","0.23%"
"May 26, 2017","3,110.06","3,101.29","3,120.66","3,100.39","15.59B","0.07%"
"May 25, 2017","3,107.83","3,055.34","3,114.66","3,052.83","19.14B","1.43%"
"May 24, 2017","3,064.08","3,047.57","3,064.81","3,022.30","13.98B","0.07%"
"May 23, 2017","3,061.95","3,069.39","3,084.24","3,050.84","17.83B","-0.45%"
"May 22, 2017","3,075.68","3,087.17","3,103.94","3,063.15","15.37B","-0.48%"
"May 19, 2017","3,090.63","3,086.71","3,095.48","3,081.28","12.96B","0.02%"
"May 18, 2017","3,090.14","3,082.33","3,103.44","3,077.96","14.86B","-0.46%"
"May 17, 2017","3,104.44","3,107.80","3,119.58","3,101.30","16.87B","-0.27%"
"May 16, 2017","3,112.96","3,082.87","3,113.51","3,060.53","17.38B","0.74%"
"May 15, 2017","3,090.23","3,085.93","3,098.91","3,085.93","13.57B","0.22%"
"May 12, 2017","3,083.51","3,054.11","3,090.49","3,051.87","15.97B","0.72%"
"May 11, 2017","3,061.50","3,036.79","3,063.56","3,016.53","19.13B","0.29%"
"May 10, 2017","3,052.78","3,078.17","3,090.82","3,051.59","16.08B","-0.90%"
"May 09, 2017","3,080.53","3,064.85","3,084.21","3,056.56","13.51B","0.06%"
"May 08, 2017","3,078.61","3,090.07","3,093.45","3,067.69","18.05B","-0.79%"
"May 05, 2017","3,103.04","3,114.77","3,117.61","3,092.09","17.62B","-0.78%"
"May 04, 2017","3,127.37","3,127.11","3,143.82","3,111.39","17.80B","-0.25%"
"May 03, 2017","3,135.35","3,138.31","3,148.29","3,123.75","16.38B","-0.27%"
"May 02, 2017","3,143.71","3,147.23","3,154.78","3,136.54","15.42B","-0.35%"
"Apr 28, 2017","3,154.66","3,144.02","3,154.73","3,136.58","16.29B","0.08%"
"Apr 27, 2017","3,152.19","3,131.35","3,155.00","3,097.33","21.18B","0.36%"
"Apr 26, 2017","3,140.85","3,132.92","3,152.95","3,131.42","16.99B","0.20%"
"Apr 25, 2017","3,134.57","3,123.89","3,145.27","3,117.45","15.34B","0.16%"
"Apr 24, 2017","3,129.53","3,164.25","3,164.25","3,111.21","18.63B","-1.37%"
"Apr 21, 2017","3,173.15","3,170.29","3,180.79","3,158.63","16.48B","0.03%"
"Apr 20, 2017","3,172.10","3,165.66","3,178.18","3,148.18","19.09B","0.04%"
"Apr 19, 2017","3,170.69","3,184.67","3,189.44","3,147.07","21.32B","-0.81%"
"Apr 18, 2017","3,196.71","3,215.40","3,225.05","3,196.49","18.87B","-0.79%"
"Apr 17, 2017","3,222.17","3,229.95","3,229.95","3,199.91","21.27B","-0.74%"
"Apr 14, 2017","3,246.07","3,276.14","3,276.71","3,238.90","21.45B","-0.91%"
"Apr 13, 2017","3,275.96","3,265.22","3,281.14","3,261.49","20.73B","0.07%"
"Apr 12, 2017","3,273.83","3,283.84","3,284.93","3,262.28","26.94B","-0.46%"
"Apr 11, 2017","3,288.97","3,266.22","3,290.39","3,244.40","28.13B","0.60%"
"Apr 10, 2017","3,269.39","3,285.46","3,285.46","3,265.01","23.27B","-0.52%"
"Apr 07, 2017","3,286.62","3,280.62","3,295.19","3,275.05","23.61B","0.17%"
"Apr 06, 2017","3,281.00","3,272.19","3,286.67","3,265.76","24.53B","0.33%"
"Apr 05, 2017","3,270.31","3,235.66","3,270.65","3,233.24","24.83B","1.48%"
"Mar 31, 2017","3,222.51","3,206.25","3,226.25","3,205.54","19.64B","0.38%"
"Mar 30, 2017","3,210.24","3,235.14","3,240.02","3,195.85","24.71B","-0.96%"
"Mar 29, 2017","3,241.31","3,252.87","3,262.10","3,233.28","21.61B","-0.36%"
"Mar 28, 2017","3,252.95","3,265.63","3,265.63","3,246.09","16.17B","-0.43%"
"Mar 27, 2017","3,266.96","3,268.92","3,283.24","3,262.12","20.19B","-0.08%"
"Mar 24, 2017","3,269.45","3,247.35","3,275.21","3,241.12","21.98B","0.64%"
"Mar 23, 2017","3,248.55","3,245.81","3,262.09","3,221.93","19.30B","0.10%"
"Mar 22, 2017","3,245.22","3,246.22","3,255.78","3,229.13","18.97B","-0.50%"
"Mar 21, 2017","3,261.61","3,250.25","3,262.22","3,246.70","16.27B","0.33%"
"Mar 20, 2017","3,250.81","3,241.11","3,251.13","3,228.12","17.05B","0.41%"
"Mar 17, 2017","3,237.45","3,271.87","3,274.19","3,232.28","20.06B","-0.96%"
"Mar 16, 2017","3,268.94","3,247.16","3,269.77","3,247.16","18.94B","0.84%"
"Mar 15, 2017","3,241.76","3,235.40","3,243.71","3,227.74","14.41B","0.08%"
"Mar 14, 2017","3,239.33","3,235.25","3,246.33","3,231.52","14.69B","0.07%"
"Mar 13, 2017","3,237.02","3,209.45","3,237.12","3,193.16","16.37B","0.76%"
"Mar 10, 2017","3,212.76","3,213.73","3,222.32","3,208.45","13.67B","-0.12%"
"Mar 09, 2017","3,216.75","3,233.70","3,233.87","3,205.28","16.74B","-0.74%"
"Mar 08, 2017","3,240.66","3,240.53","3,245.30","3,230.61","16.07B","-0.05%"
"Mar 07, 2017","3,242.41","3,233.09","3,242.66","3,226.82","16.41B","0.26%"
"Mar 06, 2017","3,233.87","3,217.33","3,234.66","3,215.07","15.61B","0.48%"
"Mar 03, 2017","3,218.31","3,219.20","3,221.16","3,206.61","15.71B","-0.36%"
"Mar 02, 2017","3,230.03","3,250.52","3,256.81","3,228.66","18.12B","-0.52%"
"Mar 01, 2017","3,246.93","3,240.07","3,259.98","3,237.87","19.07B","0.16%"
"Feb 28, 2017","3,241.73","3,225.97","3,242.68","3,225.97","15.12B","0.40%"
"Feb 27, 2017","3,228.66","3,249.19","3,251.65","3,224.09","18.26B","-0.76%"
"Feb 24, 2017","3,253.43","3,246.86","3,253.96","3,233.53","18.64B","0.06%"
"Feb 23, 2017","3,251.38","3,258.83","3,264.08","3,236.35","20.92B","-0.30%"
"Feb 22, 2017","3,261.22","3,252.69","3,261.38","3,243.84","20.75B","0.24%"
"Feb 21, 2017","3,253.33","3,242.22","3,254.34","3,239.88","21.17B","0.41%"
"Feb 20, 2017","3,239.96","3,198.96","3,241.46","3,198.96","23.22B","1.18%"
"Feb 17, 2017","3,202.08","3,227.71","3,238.40","3,199.42","22.62B","-0.85%"
"Feb 16, 2017","3,229.62","3,210.36","3,230.28","3,207.79","21.70B","0.52%"
"Feb 15, 2017","3,212.99","3,215.46","3,236.00","3,206.56","24.15B","-0.15%"
"Feb 14, 2017","3,217.93","3,216.14","3,219.40","3,205.29","18.88B","0.03%"
"Feb 13, 2017","3,216.84","3,198.99","3,219.41","3,198.99","22.02B","0.63%"
"Feb 10, 2017","3,196.70","3,183.01","3,205.05","3,182.80","23.93B","0.42%"
"Feb 09, 2017","3,183.18","3,164.69","3,186.84","3,162.57","19.16B","0.51%"
"Feb 08, 2017","3,166.98","3,148.09","3,167.45","3,132.03","14.49B","0.44%"
"Feb 07, 2017","3,153.09","3,154.40","3,159.54","3,140.04","12.83B","-0.12%"
"Feb 06, 2017","3,156.98","3,143.09","3,158.84","3,135.39","12.72B","0.54%"
"Feb 03, 2017","3,140.17","3,160.08","3,162.68","3,136.01","9.22B","-0.60%"
"Jan 26, 2017","3,159.17","3,149.22","3,163.10","3,148.91","11.39B","0.31%"
"Jan 25, 2017","3,149.55","3,137.65","3,151.47","3,133.19","11.21B","0.22%"
"Jan 24, 2017","3,142.55","3,134.59","3,149.53","3,131.22","12.60B","0.18%"
"Jan 23, 2017","3,136.77","3,125.42","3,145.84","3,125.42","13.27B","0.44%"
"Jan 20, 2017","3,123.14","3,095.82","3,125.66","3,095.21","12.24B","0.70%"
"Jan 19, 2017","3,101.30","3,104.97","3,115.78","3,094.01","12.39B","-0.38%"
"Jan 18, 2017","3,113.01","3,104.77","3,123.72","3,098.59","13.18B","0.14%"
"Jan 17, 2017","3,108.77","3,087.03","3,108.91","3,072.34","13.62B","0.17%"
"Jan 16, 2017","3,103.43","3,104.49","3,105.14","3,044.29","25.79B","-0.30%"
"Jan 13, 2017","3,112.76","3,116.08","3,130.51","3,102.16","15.63B","-0.21%"
"Jan 12, 2017","3,119.29","3,133.60","3,144.97","3,115.98","14.89B","-0.56%"
"Jan 11, 2017","3,136.75","3,156.69","3,167.03","3,136.27","17.84B","-0.79%"
"Jan 10, 2017","3,161.67","3,167.57","3,174.58","3,157.33","17.98B","-0.30%"
"Jan 09, 2017","3,171.24","3,148.53","3,173.14","3,147.74","17.17B","0.54%"
"Jan 06, 2017","3,154.32","3,163.78","3,172.03","3,153.03","18.37B","-0.35%"
"Jan 05, 2017","3,165.41","3,157.91","3,168.50","3,154.28","17.47B","0.21%"
"Jan 04, 2017","3,158.79","3,133.79","3,160.10","3,130.11","16.79B","0.73%"
"Jan 03, 2017","3,135.92","3,105.31","3,136.46","3,105.31","14.16B","1.04%"
"Dec 30, 2016","3,103.64","3,097.35","3,108.84","3,089.99","13.33B","0.24%"
"Dec 29, 2016","3,096.10","3,095.84","3,111.80","3,087.34","13.26B","-0.20%"
"Dec 28, 2016","3,102.24","3,113.77","3,118.78","3,094.55","13.57B","-0.40%"
"Dec 27, 2016","3,114.66","3,117.39","3,127.88","3,113.75","14.15B","-0.25%"
"Dec 26, 2016","3,122.57","3,095.58","3,122.88","3,068.41","15.26B","0.40%"
"Dec 23, 2016","3,110.15","3,134.93","3,138.40","3,103.75","16.62B","-0.94%"
"Dec 22, 2016","3,139.56","3,132.16","3,143.17","3,126.89","16.78B","0.07%"
"Dec 21, 2016","3,137.43","3,107.24","3,140.25","3,107.24","18.67B","1.11%"
"Dec 20, 2016","3,102.88","3,115.90","3,117.01","3,084.80","15.74B","-0.49%"
"Dec 19, 2016","3,118.08","3,120.70","3,125.28","3,110.08","15.42B","-0.16%"
"Dec 16, 2016","3,122.98","3,111.51","3,128.87","3,106.35","16.50B","0.17%"
"Dec 15, 2016","3,117.68","3,125.76","3,138.78","3,100.91","19.00B","-0.73%"
"Dec 14, 2016","3,140.53","3,149.38","3,170.02","3,136.35","20.14B","-0.46%"
"Dec 13, 2016","3,155.04","3,138.99","3,162.50","3,118.71","18.52B","0.07%"
"Dec 12, 2016","3,152.97","3,233.67","3,245.09","3,149.90","27.47B","-2.47%"
"Dec 09, 2016","3,232.88","3,209.34","3,244.80","3,207.04","20.40B","0.54%"
"Dec 08, 2016","3,215.37","3,225.55","3,228.12","3,211.47","17.07B","-0.21%"
"Dec 07, 2016","3,222.24","3,198.47","3,222.43","3,189.49","16.91B","0.71%"
"Dec 06, 2016","3,199.65","3,202.03","3,215.31","3,196.52","15.76B","-0.16%"
"Dec 05, 2016","3,204.71","3,203.78","3,219.52","3,194.88","22.30B","-1.21%"
"Dec 02, 2016","3,243.84","3,270.12","3,279.71","3,235.28","25.96B","-0.90%"
"Dec 01, 2016","3,273.31","3,257.03","3,279.67","3,256.26","23.78B","0.72%"
"Nov 30, 2016","3,250.03","3,272.14","3,277.27","3,239.52","24.36B","-1.00%"
"Nov 29, 2016","3,282.92","3,269.23","3,301.21","3,263.40","32.08B","0.18%"
"Nov 28, 2016","3,277.00","3,270.05","3,288.34","3,267.67","28.16B","0.46%"
"Nov 25, 2016","3,261.94","3,241.24","3,262.44","3,209.60","23.39B","0.62%"
"Nov 24, 2016","3,241.74","3,237.43","3,257.86","3,232.87","23.23B","0.02%"
"Nov 23, 2016","3,241.14","3,247.94","3,262.88","3,231.59","25.00B","-0.22%"
"Nov 22, 2016","3,248.35","3,220.98","3,249.68","3,220.98","26.16B","0.94%"
"Nov 21, 2016","3,218.15","3,188.50","3,229.76","3,188.28","23.07B","0.79%"
"Nov 18, 2016","3,192.86","3,207.19","3,212.39","3,187.50","20.98B","-0.49%"
"Nov 17, 2016","3,208.45","3,198.50","3,211.05","3,187.21","21.42B","0.11%"
"Nov 16, 2016","3,205.06","3,208.50","3,210.89","3,195.41","22.18B","-0.06%"
"Nov 15, 2016","3,206.99","3,209.95","3,214.29","3,195.04","24.09B","-0.11%"
"Nov 14, 2016","3,210.37","3,187.71","3,221.46","3,186.80","32.96B","0.45%"
"Nov 11, 2016","3,196.04","3,169.40","3,202.74","3,166.07","31.09B","0.78%"
"Nov 10, 2016","3,171.28","3,148.54","3,172.31","3,148.54","24.42B","1.37%"
"Nov 09, 2016","3,128.37","3,146.08","3,146.95","3,096.95","24.11B","-0.62%"
"Nov 08, 2016","3,147.89","3,140.94","3,156.88","3,134.95","19.08B","0.46%"
"Nov 07, 2016","3,133.33","3,124.89","3,139.20","3,117.10","17.94B","0.26%"
"Nov 04, 2016","3,125.32","3,126.35","3,141.33","3,119.54","19.77B","-0.12%"
"Nov 03, 2016","3,128.94","3,096.76","3,140.93","3,094.10","22.30B","0.84%"
"Nov 02, 2016","3,102.73","3,115.73","3,118.98","3,099.82","18.27B","-0.63%"
"Nov 01, 2016","3,122.44","3,101.66","3,122.61","3,097.04","16.02B","0.71%"
"Oct 31, 2016","3,100.49","3,097.19","3,102.30","3,081.07","15.15B","-0.12%"
"Oct 28, 2016","3,104.27","3,111.70","3,128.64","3,101.24","18.18B","-0.26%"
"Oct 27, 2016","3,112.35","3,112.60","3,114.76","3,100.39","15.80B","-0.13%"
"Oct 26, 2016","3,116.31","3,129.84","3,129.84","3,110.39","19.17B","-0.50%"
"Oct 25, 2016","3,131.94","3,127.97","3,132.50","3,121.05","20.34B","0.12%"
"Oct 24, 2016","3,128.25","3,092.05","3,137.03","3,090.79","24.05B","1.21%"
"Oct 21, 2016","3,090.94","3,081.39","3,101.85","3,069.27","18.74B","0.21%"
"Oct 20, 2016","3,084.46","3,084.91","3,089.68","3,076.29","16.07B","-0.01%"
"Oct 19, 2016","3,084.72","3,085.75","3,096.22","3,076.77","18.25B","0.03%"
"Oct 18, 2016","3,083.88","3,037.40","3,084.19","3,037.40","18.20B","1.40%"
"Oct 17, 2016","3,041.17","3,064.69","3,068.81","3,033.75","16.37B","-0.74%"
"Oct 14, 2016","3,063.81","3,056.99","3,064.79","3,043.18","15.54B","0.08%"
"Oct 13, 2016","3,061.35","3,057.97","3,065.00","3,052.64","15.48B","0.09%"
"Oct 12, 2016","3,058.50","3,057.32","3,060.51","3,048.89","14.25B","-0.22%"
"Oct 11, 2016","3,065.25","3,051.62","3,066.10","3,048.02","16.73B","0.56%"
"Oct 10, 2016","3,048.14","3,020.46","3,048.24","3,014.62","16.01B","1.45%"
"Sep 30, 2016","3,004.70","2,994.25","3,009.20","2,993.06","10.13B","0.21%"
"Sep 29, 2016","2,998.48","2,992.17","3,009.20","2,991.91","11.32B","0.36%"
"Sep 28, 2016","2,987.86","3,000.70","3,000.70","2,984.32","10.46B","-0.34%"
"Sep 27, 2016","2,998.17","2,974.59","2,998.23","2,969.13","12.17B","0.60%"
"Sep 26, 2016","2,980.43","3,028.24","3,028.24","2,980.12","14.43B","-1.76%"
"Sep 23, 2016","3,033.90","3,044.79","3,046.80","3,032.80","12.56B","-0.28%"
"Sep 22, 2016","3,042.31","3,038.42","3,054.44","3,035.07","13.93B","0.54%"
"Sep 21, 2016","3,025.87","3,021.58","3,032.45","3,017.54","11.57B","0.09%"
"Sep 20, 2016","3,023.00","3,027.17","3,027.82","3,015.88","11.89B","-0.10%"
"Sep 19, 2016","3,026.05","3,005.32","3,026.65","3,005.32","11.92B","0.77%"
"Sep 14, 2016","3,002.85","3,008.90","3,017.94","2,995.42","13.34B","-0.68%"
"Sep 13, 2016","3,023.51","3,025.03","3,029.72","3,008.74","13.54B","0.05%"
"Sep 12, 2016","3,021.98","3,037.51","3,040.95","2,999.93","20.60B","-1.85%"
"Sep 09, 2016","3,078.85","3,095.43","3,101.79","3,078.22","16.07B","-0.55%"
"Sep 08, 2016","3,095.95","3,089.95","3,096.78","3,083.90","14.59B","0.13%"
"Sep 07, 2016","3,091.93","3,091.33","3,105.68","3,087.88","18.70B","0.04%"
"Sep 06, 2016","3,090.71","3,071.06","3,095.51","3,053.19","17.29B","0.61%"
"Sep 05, 2016","3,072.10","3,070.71","3,085.49","3,065.33","14.50B","0.15%"
"Sep 02, 2016","3,067.35","3,057.49","3,072.53","3,050.49","15.04B","0.13%"
"Sep 01, 2016","3,063.31","3,083.96","3,088.70","3,062.88","15.52B","-0.72%"
"Aug 31, 2016","3,085.49","3,072.92","3,087.70","3,063.40","14.14B","0.35%"
"Aug 30, 2016","3,074.68","3,071.44","3,082.99","3,065.97","14.04B","0.15%"
"Aug 29, 2016","3,070.03","3,068.46","3,074.94","3,058.79","14.45B","-0.01%"
"Aug 26, 2016","3,070.31","3,069.85","3,087.65","3,063.89","14.97B","0.06%"
"Aug 25, 2016","3,068.33","3,073.44","3,073.44","3,041.51","17.40B","-0.57%"
"Aug 24, 2016","3,085.88","3,092.02","3,097.15","3,079.55","14.57B","-0.12%"
"Aug 23, 2016","3,089.71","3,081.57","3,101.11","3,073.53","16.14B","0.16%"
"Aug 22, 2016","3,084.81","3,107.38","3,112.74","3,083.59","18.54B","-0.75%"
"Aug 19, 2016","3,108.10","3,100.39","3,113.34","3,082.77","19.43B","0.13%"
"Aug 18, 2016","3,104.11","3,107.75","3,125.58","3,093.32","22.94B","-0.17%"
"Aug 17, 2016","3,109.55","3,106.99","3,114.25","3,090.28","21.38B","-0.02%"
"Aug 16, 2016","3,110.04","3,130.53","3,140.44","3,102.07","27.83B","-0.49%"
"Aug 15, 2016","3,125.20","3,056.48","3,137.48","3,053.87","29.76B","2.44%"
"Aug 12, 2016","3,050.67","3,000.27","3,051.05","2,999.04","16.82B","1.60%"
"Aug 11, 2016","3,002.64","3,013.68","3,038.05","3,001.17","16.19B","-0.53%"
"Aug 10, 2016","3,018.75","3,023.47","3,033.20","3,017.09","16.47B","-0.23%"
"Aug 09, 2016","3,025.68","3,001.31","3,025.91","2,998.68","17.00B","0.71%"
"Aug 08, 2016","3,004.28","2,972.62","3,004.72","2,959.05","15.57B","0.93%"
"Aug 05, 2016","2,976.70","2,978.78","2,991.68","2,971.56","14.19B","-0.19%"
"Aug 04, 2016","2,982.43","2,976.41","2,982.86","2,958.93","13.39B","0.13%"
"Aug 03, 2016","2,978.46","2,963.21","2,981.16","2,956.79","14.11B","0.24%"
"Aug 02, 2016","2,971.28","2,950.08","2,971.28","2,946.64","11.55B","0.61%"
"Aug 01, 2016","2,953.39","2,971.95","2,972.88","2,931.96","14.74B","-0.87%"
"Jul 29, 2016","2,979.34","2,992.54","3,000.05","2,972.92","15.01B","-0.50%"
"Jul 28, 2016","2,994.32","2,980.50","3,003.36","2,968.18","19.06B","0.08%"
"Jul 27, 2016","2,992.00","3,050.37","3,057.42","2,939.23","28.02B","-1.91%"
"Jul 26, 2016","3,050.17","3,014.04","3,050.61","3,013.80","15.67B","1.14%"
"Jul 25, 2016","3,015.83","3,008.09","3,027.12","3,003.29","14.42B","0.10%"
"Jul 22, 2016","3,012.82","3,038.12","3,039.27","3,007.46","16.20B","-0.86%"
"Jul 21, 2016","3,039.01","3,027.60","3,053.33","3,027.37","16.38B","0.37%"
"Jul 20, 2016","3,027.90","3,034.71","3,043.00","3,022.63","13.82B","-0.29%"
"Jul 19, 2016","3,036.60","3,040.23","3,043.60","3,014.29","15.54B","-0.23%"
"Jul 18, 2016","3,043.56","3,047.64","3,058.32","3,031.64","17.75B","-0.35%"
"Jul 15, 2016","3,054.30","3,056.68","3,062.68","3,044.54","17.29B","0.01%"
"Jul 14, 2016","3,054.02","3,054.97","3,057.05","3,036.52","18.02B","-0.22%"
"Jul 13, 2016","3,060.69","3,049.51","3,069.05","3,048.20","25.37B","0.37%"
"Jul 12, 2016","3,049.38","2,992.52","3,049.68","2,984.42","25.95B","1.82%"
"Jul 11, 2016","2,994.92","2,993.75","3,022.94","2,990.91","22.43B","0.23%"
"Jul 08, 2016","2,988.09","3,000.33","3,001.55","2,983.88","16.90B","-0.95%"
"Jul 07, 2016","3,016.85","3,009.35","3,024.11","2,994.64","22.27B","-0.01%"
"Jul 06, 2016","3,017.29","2,998.52","3,017.65","2,984.83","21.24B","0.36%"
"Jul 05, 2016","3,006.39","2,991.75","3,010.28","2,990.64","23.52B","0.60%"
"Jul 04, 2016","2,988.60","2,924.29","2,992.50","2,922.52","22.20B","1.91%"
"Jul 01, 2016","2,932.48","2,931.80","2,944.99","2,925.81","14.12B","0.10%"
"Jun 30, 2016","2,929.61","2,931.48","2,938.14","2,922.31","15.45B","-0.07%"
"Jun 29, 2016","2,931.59","2,918.53","2,934.00","2,915.06","19.32B","0.65%"
"Jun 28, 2016","2,912.56","2,885.01","2,913.58","2,878.82","17.39B","0.58%"
"Jun 27, 2016","2,895.70","2,840.56","2,895.73","2,840.28","15.67B","1.45%"
"Jun 24, 2016","2,854.29","2,883.76","2,899.57","2,807.60","19.08B","-1.30%"
"Jun 23, 2016","2,891.96","2,902.40","2,904.11","2,878.66","13.61B","-0.47%"
"Jun 22, 2016","2,905.55","2,872.73","2,905.98","2,869.51","13.06B","0.94%"
"Jun 21, 2016","2,878.56","2,898.38","2,919.30","2,869.18","16.44B","-0.35%"
"Jun 20, 2016","2,888.81","2,887.64","2,891.66","2,864.02","13.66B","0.13%"
"Jun 17, 2016","2,885.11","2,873.01","2,900.30","2,872.18","17.15B","0.43%"
"Jun 16, 2016","2,872.82","2,878.40","2,887.74","2,865.39","17.39B","-0.50%"
"Jun 15, 2016","2,887.21","2,814.69","2,894.26","2,811.78","16.67B","1.58%"
"Jun 14, 2016","2,842.19","2,824.23","2,843.46","2,822.06","11.98B","0.32%"
"Jun 13, 2016","2,833.07","2,897.27","2,911.16","2,832.51","16.93B","-3.21%"
"Jun 08, 2016","2,927.16","2,932.38","2,937.99","2,908.37","14.30B","-0.30%"
"Jun 07, 2016","2,936.04","2,936.28","2,938.44","2,923.50","13.30B","0.07%"
"Jun 06, 2016","2,934.10","2,940.99","2,945.94","2,922.28","14.20B","-0.16%"
"Jun 03, 2016","2,938.68","2,929.79","2,945.52","2,915.18","17.20B","0.46%"
"Jun 02, 2016","2,925.23","2,911.22","2,925.67","2,906.52","15.97B","0.40%"
"Jun 01, 2016","2,913.51","2,917.15","2,929.08","2,909.51","18.84B","-0.11%"
"May 31, 2016","2,916.62","2,822.59","2,917.14","2,822.59","21.53B","3.34%"
"May 30, 2016","2,822.45","2,814.65","2,830.97","2,794.66","10.63B","0.05%"
"May 27, 2016","2,821.05","2,817.97","2,832.80","2,809.80","10.98B","-0.05%"
"May 26, 2016","2,822.44","2,813.54","2,827.09","2,780.76","11.48B","0.26%"
"May 25, 2016","2,815.09","2,835.03","2,843.16","2,807.75","10.35B","-0.23%"
"May 24, 2016","2,821.67","2,839.68","2,839.70","2,807.19","11.15B","-0.77%"
"May 23, 2016","2,843.64","2,826.31","2,848.07","2,826.26","12.05B","0.64%"
"May 20, 2016","2,825.48","2,792.89","2,825.95","2,785.08","10.87B","0.66%"
"May 19, 2016","2,806.91","2,802.31","2,829.40","2,801.55","11.16B","-0.02%"
"May 18, 2016","2,807.51","2,828.18","2,828.26","2,781.42","14.05B","-1.27%"
"May 17, 2016","2,843.68","2,850.93","2,860.32","2,832.46","12.34B","-0.25%"
"May 16, 2016","2,850.86","2,816.78","2,851.23","2,804.99","11.47B","0.84%"
"May 13, 2016","2,827.11","2,828.46","2,850.09","2,814.11","11.43B","-0.31%"
"May 12, 2016","2,835.86","2,812.11","2,839.28","2,781.24","13.63B","-0.04%"
"May 11, 2016","2,837.04","2,843.54","2,857.25","2,818.70","13.58B","0.16%"
"May 10, 2016","2,832.59","2,822.33","2,845.24","2,820.16","12.08B","0.02%"
"May 09, 2016","2,832.11","2,896.16","2,896.16","2,821.83","18.04B","-2.79%"
"May 06, 2016","2,913.25","2,998.40","3,003.59","2,913.04","20.68B","-2.82%"
"May 05, 2016","2,997.84","2,987.02","2,999.12","2,977.20","14.48B","0.22%"
"May 04, 2016","2,991.27","2,983.03","3,004.42","2,978.33","16.54B","-0.05%"
"May 03, 2016","2,992.64","2,940.39","2,993.53","2,929.81","16.87B","1.85%"
"Apr 29, 2016","2,938.32","2,935.38","2,950.58","2,930.36","10.93B","-0.25%"
"Apr 28, 2016","2,945.59","2,955.74","2,959.51","2,916.37","13.87B","-0.27%"
"Apr 27, 2016","2,953.67","2,967.19","2,976.02","2,949.43","13.09B","-0.37%"
"Apr 26, 2016","2,964.70","2,944.72","2,965.43","2,933.97","11.77B","0.61%"
"Apr 25, 2016","2,946.67","2,949.97","2,954.09","2,917.02","12.59B","-0.42%"
"Apr 22, 2016","2,959.24","2,933.03","2,960.21","2,926.78","13.72B","0.22%"
"Apr 21, 2016","2,952.89","2,954.37","2,990.67","2,943.46","18.94B","-0.66%"
"Apr 20, 2016","2,972.58","3,050.38","3,055.69","2,905.05","28.31B","-2.31%"
"Apr 19, 2016","3,042.82","3,047.13","3,054.50","3,024.90","15.65B","0.30%"
"Apr 18, 2016","3,033.66","3,058.46","3,058.46","3,022.97","18.33B","-1.44%"
"Apr 15, 2016","3,078.12","3,085.03","3,089.95","3,066.87","18.96B","-0.14%"
"Apr 14, 2016","3,082.36","3,080.09","3,086.70","3,056.99","20.82B","0.51%"
"Apr 13, 2016","3,066.64","3,041.36","3,097.16","3,041.36","31.00B","1.42%"
"Apr 12, 2016","3,023.65","3,031.30","3,036.82","3,001.32","18.27B","-0.34%"
"Apr 11, 2016","3,033.96","3,006.91","3,048.98","3,006.91","22.00B","1.64%"
"Apr 08, 2016","2,984.96","2,988.20","2,996.17","2,960.46","18.79B","-0.78%"
"Apr 07, 2016","3,008.42","3,058.34","3,062.36","3,007.06","22.09B","-1.38%"
"Apr 06, 2016","3,050.59","3,039.74","3,059.79","3,029.00","23.23B","-0.08%"
"Apr 05, 2016","3,053.07","3,000.94","3,057.33","2,993.15","25.67B","1.45%"
"Apr 01, 2016","3,009.53","2,997.09","3,009.67","2,956.25","20.65B","0.19%"
"Mar 31, 2016","3,003.92","3,009.37","3,023.41","2,992.92","22.04B","0.11%"
"Mar 30, 2016","3,000.64","2,941.22","3,001.11","2,941.22","21.04B","2.77%"
"Mar 29, 2016","2,919.83","2,956.71","2,962.20","2,905.25","18.30B","-1.28%"
"Mar 28, 2016","2,957.82","2,988.01","3,008.17","2,948.53","20.20B","-0.73%"
"Mar 25, 2016","2,979.43","2,956.20","2,981.41","2,952.11","17.51B","0.62%"
"Mar 24, 2016","2,960.97","2,986.80","2,998.15","2,960.54","23.70B","-1.63%"
"Mar 23, 2016","3,009.96","2,991.17","3,012.56","2,980.86","21.70B","0.35%"
"Mar 22, 2016","2,999.36","3,001.63","3,019.10","2,988.43","27.04B","-0.64%"
"Mar 21, 2016","3,018.80","2,978.46","3,028.32","2,973.76","35.24B","2.15%"
"Mar 18, 2016","2,955.15","2,915.52","2,971.55","2,908.74","31.33B","1.73%"
"Mar 17, 2016","2,904.83","2,875.41","2,921.00","2,857.19","20.03B","1.20%"
"Mar 16, 2016","2,870.43","2,858.71","2,881.53","2,854.19","18.65B","0.21%"
"Mar 15, 2016","2,864.37","2,853.98","2,865.79","2,819.79","16.34B","0.17%"
"Mar 14, 2016","2,859.50","2,830.08","2,889.82","2,823.03","19.48B","1.75%"
"Mar 11, 2016","2,810.31","2,781.60","2,815.61","2,772.55","12.72B","0.20%"
"Mar 10, 2016","2,804.73","2,847.57","2,863.18","2,803.48","13.90B","-2.02%"
"Mar 09, 2016","2,862.56","2,839.41","2,863.01","2,811.72","18.34B","-1.34%"
"Mar 08, 2016","2,901.39","2,895.67","2,902.62","2,802.56","23.35B","0.14%"
"Mar 07, 2016","2,897.34","2,886.64","2,911.84","2,871.35","21.75B","0.81%"
"Mar 04, 2016","2,874.15","2,848.54","2,880.37","2,808.85","31.25B","0.50%"
"Mar 03, 2016","2,859.76","2,847.33","2,878.45","2,840.87","28.75B","0.35%"
"Mar 02, 2016","2,849.68","2,733.77","2,852.70","2,732.54","27.10B","4.26%"
"Mar 01, 2016","2,733.17","2,688.38","2,747.56","2,668.76","18.72B","1.68%"
"Feb 29, 2016","2,687.98","2,754.81","2,755.89","2,638.96","20.74B","-2.86%"
"Feb 26, 2016","2,767.21","2,760.06","2,784.75","2,715.87","19.11B","0.95%"
"Feb 25, 2016","2,741.25","2,922.24","2,922.24","2,729.85","27.03B","-6.41%"
"Feb 24, 2016","2,928.90","2,889.88","2,929.87","2,872.27","21.34B","0.88%"
"Feb 23, 2016","2,903.33","2,925.71","2,928.05","2,872.28","19.97B","-0.81%"
"Feb 22, 2016","2,927.18","2,888.60","2,933.96","2,880.35","23.22B","2.35%"
"Feb 19, 2016","2,860.02","2,854.90","2,872.72","2,840.49","16.34B","-0.10%"
"Feb 18, 2016","2,862.89","2,881.78","2,893.21","2,857.70","21.92B","-0.16%"
"Feb 17, 2016","2,867.34","2,829.76","2,868.70","2,824.36","21.69B","1.08%"
"Feb 16, 2016","2,836.57","2,758.58","2,840.62","2,758.58","19.60B","3.29%"
"Feb 15, 2016","2,746.20","2,684.96","2,760.36","2,682.09","12.93B","-0.63%"
"Feb 05, 2016","2,763.49","2,783.08","2,790.06","2,762.16","14.12B","-0.63%"
"Feb 04, 2016","2,781.02","2,751.43","2,793.30","2,751.31","17.04B","1.52%"
"Feb 03, 2016","2,739.25","2,719.57","2,746.07","2,696.88","14.84B","-0.38%"
"Feb 02, 2016","2,749.57","2,687.98","2,755.16","2,687.98","15.81B","2.26%"
"Feb 01, 2016","2,688.85","2,730.98","2,735.26","2,655.62","15.64B","-1.78%"
"Jan 29, 2016","2,737.60","2,652.85","2,755.37","2,649.79","18.67B","3.09%"
"Jan 28, 2016","2,655.66","2,711.16","2,740.54","2,647.49","17.11B","-2.92%"
"Jan 27, 2016","2,735.56","2,756.08","2,768.77","2,638.30","21.57B","-0.52%"
"Jan 26, 2016","2,749.79","2,907.72","2,911.99","2,743.84","21.08B","-6.42%"
"Jan 25, 2016","2,938.51","2,934.08","2,955.78","2,911.83","15.30B","0.75%"
"Jan 22, 2016","2,916.56","2,911.11","2,931.36","2,851.73","15.98B","1.25%"
"Jan 21, 2016","2,880.48","2,934.39","2,998.79","2,880.08","19.17B","-3.23%"
"Jan 20, 2016","2,976.69","2,993.01","3,016.28","2,951.92","21.65B","-1.03%"
"Jan 19, 2016","3,007.74","2,914.41","3,012.07","2,906.40","20.53B","3.22%"
"Jan 18, 2016","2,913.84","2,847.54","2,945.45","2,844.70","16.47B","0.44%"
"Jan 15, 2016","2,900.97","2,988.05","3,001.71","2,883.87","19.87B","-3.55%"
"Jan 14, 2016","3,007.65","2,874.05","3,012.29","2,867.55","21.29B","1.97%"
"Jan 13, 2016","2,949.60","3,041.11","3,059.01","2,949.29","19.43B","-2.42%"
"Jan 12, 2016","3,022.86","3,026.16","3,047.66","2,978.46","20.77B","0.20%"
"Jan 11, 2016","3,016.70","3,131.85","3,166.22","3,016.70","27.16B","-5.33%"
"Jan 08, 2016","3,186.41","3,194.63","3,235.45","3,056.88","28.64B","1.97%"
"Jan 07, 2016","3,125.00","3,309.66","3,309.66","3,115.89","7.06B","-7.04%"
"Jan 06, 2016","3,361.84","3,291.19","3,362.97","3,288.93","23.89B","2.25%"
"Jan 05, 2016","3,287.71","3,196.65","3,328.14","3,189.60","26.69B","-0.26%"
"Jan 04, 2016","3,296.26","3,536.59","3,538.69","3,295.74","18.44B","-6.86%"
"Dec 31, 2015","3,539.18","3,570.47","3,580.60","3,538.35","17.70B","-0.94%"
"Dec 30, 2015","3,572.88","3,566.73","3,573.68","3,538.11","18.79B","0.26%"
"Dec 29, 2015","3,563.74","3,528.40","3,564.17","3,515.52","18.26B","0.85%"
"Dec 28, 2015","3,533.78","3,635.77","3,641.59","3,533.78","27.00B","-2.59%"
"Dec 25, 2015","3,627.91","3,614.05","3,635.26","3,601.74","19.85B","0.43%"
"Dec 24, 2015","3,612.49","3,631.31","3,640.22","3,572.28","22.78B","-0.65%"
"Dec 23, 2015","3,636.09","3,653.28","3,684.57","3,633.03","29.82B","-0.43%"
"Dec 22, 2015","3,651.77","3,645.99","3,652.63","3,616.87","26.12B","0.26%"
"Dec 21, 2015","3,642.47","3,568.58","3,651.06","3,565.75","29.98B","1.77%"
"Dec 18, 2015","3,578.96","3,574.94","3,614.70","3,568.16","27.37B","-0.03%"
"Dec 17, 2015","3,580.00","3,533.63","3,583.41","3,533.63","28.39B","1.81%"
"Dec 16, 2015","3,516.19","3,522.09","3,538.69","3,506.29","19.35B","0.17%"
"Dec 15, 2015","3,510.35","3,518.13","3,529.96","3,496.85","20.05B","-0.29%"
"Dec 14, 2015","3,520.67","3,403.51","3,521.78","3,399.28","21.54B","2.51%"
"Dec 11, 2015","3,434.58","3,441.60","3,455.55","3,410.92","18.29B","-0.61%"
"Dec 10, 2015","3,455.50","3,469.81","3,503.65","3,446.27","20.04B","-0.49%"
"Dec 09, 2015","3,472.44","3,462.58","3,495.70","3,454.88","19.57B","0.07%"
"Dec 08, 2015","3,470.07","3,518.65","3,518.65","3,466.79","22.44B","-1.89%"
"Dec 07, 2015","3,536.93","3,529.81","3,543.95","3,506.62","20.83B","0.34%"
"Dec 04, 2015","3,524.99","3,558.15","3,568.97","3,510.41","25.17B","-1.67%"
"Dec 03, 2015","3,584.82","3,525.73","3,591.73","3,517.23","28.11B","1.35%"
"Dec 02, 2015","3,536.91","3,450.28","3,538.85","3,427.66","30.15B","2.33%"
"Dec 01, 2015","3,456.31","3,442.44","3,483.41","3,417.55","25.24B","0.32%"
"Nov 30, 2015","3,445.40","3,433.86","3,470.37","3,327.81","30.42B","0.26%"
"Nov 27, 2015","3,436.30","3,616.54","3,621.90","3,412.43","35.43B","-5.48%"
"Nov 26, 2015","3,635.55","3,659.57","3,668.38","3,629.86","30.68B","-0.34%"
"Nov 25, 2015","3,647.93","3,614.07","3,648.37","3,607.52","27.30B","0.88%"
"Nov 24, 2015","3,616.11","3,602.89","3,616.48","3,563.10","24.88B","0.16%"
"Nov 23, 2015","3,610.31","3,630.87","3,654.75","3,598.87","31.60B","-0.56%"
"Nov 20, 2015","3,630.50","3,620.79","3,640.53","3,607.92","31.08B","0.37%"
"Nov 19, 2015","3,617.06","3,573.78","3,618.21","3,561.04","24.79B","1.36%"
"Nov 18, 2015","3,568.47","3,605.06","3,617.07","3,558.70","29.76B","-1.01%"
"Nov 17, 2015","3,604.80","3,629.98","3,678.27","3,598.07","38.36B","-0.06%"
"Nov 16, 2015","3,606.96","3,522.46","3,607.61","3,519.42","27.62B","0.73%"
"Nov 13, 2015","3,580.84","3,600.76","3,632.56","3,564.81","34.59B","-1.43%"
"Nov 12, 2015","3,632.90","3,656.82","3,659.31","3,603.23","36.17B","-0.48%"
"Nov 11, 2015","3,650.25","3,635.00","3,654.88","3,605.62","36.10B","0.27%"
"Nov 10, 2015","3,640.49","3,617.40","3,669.53","3,607.89","42.97B","-0.18%"
"Nov 09, 2015","3,646.88","3,588.50","3,673.76","3,588.50","50.30B","1.58%"
"Nov 06, 2015","3,590.03","3,514.44","3,596.38","3,508.83","42.92B","1.91%"
"Nov 05, 2015","3,522.82","3,459.22","3,585.66","3,455.53","55.33B","1.83%"
"Nov 04, 2015","3,459.64","3,325.62","3,459.65","3,325.62","33.91B","4.31%"
"Nov 03, 2015","3,316.70","3,330.32","3,346.27","3,302.18","19.29B","-0.25%"
"Nov 02, 2015","3,325.08","3,337.58","3,391.06","3,322.31","23.10B","-1.70%"
"Oct 30, 2015","3,382.56","3,380.28","3,417.20","3,346.59","24.36B","-0.14%"
"Oct 29, 2015","3,387.32","3,387.77","3,411.71","3,362.51","23.57B","0.36%"
"Oct 28, 2015","3,375.20","3,417.01","3,439.76","3,367.23","29.35B","-1.72%"
"Oct 27, 2015","3,434.34","3,409.14","3,441.57","3,332.62","32.82B","0.14%"
"Oct 26, 2015","3,429.58","3,448.65","3,457.52","3,402.00","36.56B","0.50%"
"Oct 23, 2015","3,412.43","3,377.55","3,422.02","3,360.22","34.74B","1.30%"
"Oct 22, 2015","3,368.74","3,292.29","3,373.78","3,282.99","32.37B","1.45%"
"Oct 21, 2015","3,320.68","3,428.56","3,447.26","3,265.44","45.85B","-3.06%"
"Oct 20, 2015","3,425.33","3,377.55","3,425.52","3,357.86","31.90B","1.14%"
"Oct 19, 2015","3,386.70","3,401.63","3,423.40","3,355.57","37.81B","-0.14%"
"Oct 16, 2015","3,391.35","3,358.30","3,393.02","3,334.85","39.55B","1.60%"
"Oct 15, 2015","3,338.07","3,255.03","3,338.30","3,254.39","31.63B","2.32%"
"Oct 14, 2015","3,262.44","3,280.02","3,307.32","3,256.25","29.51B","-0.93%"
"Oct 13, 2015","3,293.23","3,262.16","3,298.63","3,253.25","29.72B","0.17%"
"Oct 12, 2015","3,287.66","3,193.54","3,318.71","3,188.41","38.63B","3.28%"
"Oct 09, 2015","3,183.15","3,146.64","3,192.72","3,137.79","23.49B","1.27%"
"Oct 08, 2015","3,143.36","3,156.07","3,172.28","3,133.13","23.43B","2.97%"
"Sep 30, 2015","3,052.78","3,052.84","3,073.30","3,039.74","14.66B","0.48%"
"Sep 29, 2015","3,038.14","3,055.22","3,068.30","3,021.16","16.32B","-2.02%"
"Sep 28, 2015","3,100.76","3,085.57","3,103.07","3,042.31","15.67B","0.27%"